Workbook

Sheet MAP_PATTERN
A1: ID | B1: NightLord | C1: Special | D1: Start_190 | E1: Treasure_800 | F1: Event_30*0 | G1: EventFlag | H1: EvPat_30** | I1: EvPatFlag | J1: RotRew_500 | K1: Day1Boss | L1: Day1Loc | M1: Day2Boss | N1: Day2Loc | O1: extra1 | P1: extra2 | R1: 筛选： | S1: 117 | T1: 313 | W1: ifchurch
A2: 0 | B2: =VLOOKUP(A2,[1]LotResultMapPatternFlag!D:I,6,0) -> 0 | C2: =VLOOKUP(A2,[1]LotResultMapPatternFlag!D:J,7,0) -> 0 | D2: {=INDEX([1]LotResultMapPatternFlag!F:F,MATCH(A2*10000+190,[1]LotResultMapPatternFlag!K:K,0))} -> 705 | E2: {=INDEX([1]LotResultMapPatternFlag!G:G,MATCH(A2*10000+800,[1]LotResultMapPatternFlag!K:K,0))} -> 8005 | F2: {=LARGE(IF([1]LotResultMapPatternFlag!D:D=A2,1,0)*[1]LotResultMapPatternFlag!L:L,1)} -> 3030 | G2: {=IF(F2=0,0,INDEX([1]LotResultMapPatternFlag!G:G,MATCH(A2*10000+F2,[1]LotResultMapPatternFlag!K:K,0)))} -> 7724 | H2: {=LARGE(IF([1]LotResultMapPatternFlag!D:D=A2,1,0)*[1]LotResultMapPatternFlag!M:M,1)} -> 3600 | I2: {=IF(H2=0,0,INDEX([1]LotResultMapPatternFlag!F:F,MATCH(A2*10000+H2,[1]LotResultMapPatternFlag!K:K,0)))+IF(H2=0,0,INDEX([1]LotResultMapPatternFlag!G:G,MATCH(A2*10000+H2,[1]LotResultMapPatternFlag!K:K,0)))} -> 1150 | J2: {=IF(C2=3,INDEX([1]LotResultMapPatternFlag!G:G,MATCH(A2*10000+500,[1]LotResultMapPatternFlag!K:K,0)),0)} -> 0 | K2: =VLOOKUP(A2,[1]LotResultPlayAreaParam!$D:$J,4,0) -> 4929 | L2: =VLOOKUP(A2,[1]LotResultPlayAreaParam!$D:$J,2,0) -> 1001 | M2: =VLOOKUP(A2,[1]LotResultPlayAreaParam!$D:$J,5,0) -> 4860 | N2: =VLOOKUP(A2,[1]LotResultPlayAreaParam!$D:$J,3,0) -> 1011 | O2: =VLOOKUP(A2,[1]LotResultPlayAreaParam!$A:$J,9,0) -> -1 | P2: =VLOOKUP(A2,[1]LotResultPlayAreaParam!$A:$J,10,0) -> -1 | R2: =D2 -> 705 | S2: {=IFERROR(VLOOKUP(INDEX(CONSTRUCT!C:C,MATCH(A2*10000+117,CONSTRUCT!F:F,0)),筛选项!D:F,3,0),0)} -> 52 | T2: {=IFERROR(VLOOKUP(INDEX(CONSTRUCT!C:C,MATCH(A2*10000+313,CONSTRUCT!F:F,0)),筛选项!D:F,3,0),0)} -> 22 | U2: =10000000*R2+1000*S2+T2 -> 7050052022 | V2: =B2*100000000000000+C2*10000000000+U2 -> 7050052022 | W2: =COUNTIF(CONSTRUCT!G:G,(A2*10000+410)*10000+116) -> 1
A3: 1 | B3: =VLOOKUP(A3,[1]LotResultMapPatternFlag!D:I,6,0) -> 0 | C3: =VLOOKUP(A3,[1]LotResultMapPatternFlag!D:J,7,0) -> 0 | D3: {=INDEX([1]LotResultMapPatternFlag!F:F,MATCH(A3*10000+190,[1]LotResultMapPatternFlag!K:K,0))} -> 703 | E3: {=INDEX([1]LotResultMapPatternFlag!G:G,MATCH(A3*10000+800,[1]LotResultMapPatternFlag!K:K,0))} -> 8001 | F3: {=LARGE(IF([1]LotResultMapPatternFlag!D:D=A3,1,0)*[1]LotResultMapPatternFlag!L:L,1)} -> 0 | G3: {=IF(F3=0,0,INDEX([1]LotResultMapPatternFlag!G:G,MATCH(A3*10000+F3,[1]LotResultMapPatternFlag!K:K,0)))} -> 0 | H3: {=LARGE(IF([1]LotResultMapPatternFlag!D:D=A3,1,0)*[1]LotResultMapPatternFlag!M:M,1)} -> 0 | I3: {=IF(H3=0,0,INDEX([1]LotResultMapPatternFlag!F:F,MATCH(A3*10000+H3,[1]LotResultMapPatternFlag!K:K,0)))+IF(H3=0,0,INDEX([1]LotResultMapPatternFlag!G:G,MATCH(A3*10000+H3,[1]LotResultMapPatternFlag!K:K,0)))} -> 0 | J3: {=IF(C3=3,INDEX([1]LotResultMapPatternFlag!G:G,MATCH(A3*10000+500,[1]LotResultMapPatternFlag!K:K,0)),0)} -> 0 | K3: =VLOOKUP(A3,[1]LotResultPlayAreaParam!$D:$J,4,0) -> 4929 | L3: =VLOOKUP(A3,[1]LotResultPlayAreaParam!$D:$J,2,0) -> 1001 | M3: =VLOOKUP(A3,[1]LotResultPlayAreaParam!$D:$J,5,0) -> 4860 | N3: =VLOOKUP(A3,[1]LotResultPlayAreaParam!$D:$J,3,0) -> 1011 | O3: =VLOOKUP(A3,[1]LotResultPlayAreaParam!$A:$J,9,0) -> -1 | P3: =VLOOKUP(A3,[1]LotResultPlayAreaParam!$A:$J,10,0) -> -1 | R3: =D3 -> 703 | S3: {=IFERROR(VLOOKUP(INDEX(CONSTRUCT!C:C,MATCH(A3*10000+117,CONSTRUCT!F:F,0)),筛选项!D:F,3,0),0)} -> 22 | T3: {=IFERROR(VLOOKUP(INDEX(CONSTRUCT!C:C,MATCH(A3*10000+313,CONSTRUCT!F:F,0)),筛选项!D:F,3,0),0)} -> 33 | U3: =10000000*R3+1000*S3+T3 -> 7030022033 | V3: =B3*100000000000000+C3*10000000000+U3 -> 7030022033 | W3: =COUNTIF(CONSTRUCT!G:G,(A3*10000+410)*10000+116) -> 0
A4: 2 | B4: =VLOOKUP(A4,[1]LotResultMapPatternFlag!D:I,6,0) -> 0 | C4: =VLOOKUP(A4,[1]LotResultMapPatternFlag!D:J,7,0) -> 0 | D4: {=INDEX([1]LotResultMapPatternFlag!F:F,MATCH(A4*10000+190,[1]LotResultMapPatternFlag!K:K,0))} -> 701 | E4: {=INDEX([1]LotResultMapPatternFlag!G:G,MATCH(A4*10000+800,[1]LotResultMapPatternFlag!K:K,0))} -> 8002 | F4: {=LARGE(IF([1]LotResultMapPatternFlag!D:D=A4,1,0)*[1]LotResultMapPatternFlag!L:L,1)} -> 0 | G4: {=IF(F4=0,0,INDEX([1]LotResultMapPatternFlag!G:G,MATCH(A4*10000+F4,[1]LotResultMapPatternFlag!K:K,0)))} -> 0 | H4: {=LARGE(IF([1]LotResultMapPatternFlag!D:D=A4,1,0)*[1]LotResultMapPatternFlag!M:M,1)} -> 0 | I4: {=IF(H4=0,0,INDEX([1]LotResultMapPatternFlag!F:F,MATCH(A4*10000+H4,[1]LotResultMapPatternFlag!K:K,0)))+IF(H4=0,0,INDEX([1]LotResultMapPatternFlag!G:G,MATCH(A4*10000+H4,[1]LotResultMapPatternFlag!K:K,0)))} -> 0 | J4: {=IF(C4=3,INDEX([1]LotResultMapPatternFlag!G:G,MATCH(A4*10000+500,[1]LotResultMapPatternFlag!K:K,0)),0)} -> 0 | K4: =VLOOKUP(A4,[1]LotResultPlayAreaParam!$D:$J,4,0) -> 4924 | L4: =VLOOKUP(A4,[1]LotResultPlayAreaParam!$D:$J,2,0) -> 1002 | M4: =VLOOKUP(A4,[1]LotResultPlayAreaParam!$D:$J,5,0) -> 4840 | N4: =VLOOKUP(A4,[1]LotResultPlayAreaParam!$D:$J,3,0) -> 1003 | O4: =VLOOKUP(A4,[1]LotResultPlayAreaParam!$A:$J,9,0) -> -1 | P4: =VLOOKUP(A4,[1]LotResultPlayAreaParam!$A:$J,10,0) -> -1 | R4: =D4 -> 701 | S4: {=IFERROR(VLOOKUP(INDEX(CONSTRUCT!C:C,MATCH(A4*10000+117,CONSTRUCT!F:F,0)),筛选项!D:F,3,0),0)} -> 11 | T4: {=IFERROR(VLOOKUP(INDEX(CONSTRUCT!C:C,MATCH(A4*10000+313,CONSTRUCT!F:F,0)),筛选项!D:F,3,0),0)} -> 38 | U4: =10000000*R4+1000*S4+T4 -> 7010011038 | V4: =B4*100000000000000+C4*10000000000+U4 -> 7010011038 | W4: =COUNTIF(CONSTRUCT!G:G,(A4*10000+410)*10000+116) -> 0
A5: 3 | B5: =VLOOKUP(A5,[1]LotResultMapPatternFlag!D:I,6,0) -> 0 | C5: =VLOOKUP(A5,[1]LotResultMapPatternFlag!D:J,7,0) -> 0 | D5: {=INDEX([1]LotResultMapPatternFlag!F:F,MATCH(A5*10000+190,[1]LotResultMapPatternFlag!K:K,0))} -> 708 | E5: {=INDEX([1]LotResultMapPatternFlag!G:G,MATCH(A5*10000+800,[1]LotResultMapPatternFlag!K:K,0))} -> 8005 | F5: {=LARGE(IF([1]LotResultMapPatternFlag!D:D=A5,1,0)*[1]LotResultMapPatternFlag!L:L,1)} -> 0 | G5: {=IF(F5=0,0,INDEX([1]LotResultMapPatternFlag!G:G,MATCH(A5*10000+F5,[1]LotResultMapPatternFlag!K:K,0)))} -> 0 | H5: {=LARGE(IF([1]LotResultMapPatternFlag!D:D=A5,1,0)*[1]LotResultMapPatternFlag!M:M,1)} -> 0 | I5: {=IF(H5=0,0,INDEX([1]LotResultMapPatternFlag!F:F,MATCH(A5*10000+H5,[1]LotResultMapPatternFlag!K:K,0)))+IF(H5=0,0,INDEX([1]LotResultMapPatternFlag!G:G,MATCH(A5*10000+H5,[1]LotResultMapPatternFlag!K:K,0)))} -> 0 | J5: {=IF(C5=3,INDEX([1]LotResultMapPatternFlag!G:G,MATCH(A5*10000+500,[1]LotResultMapPatternFlag!K:K,0)),0)} -> 0 | K5: =VLOOKUP(A5,[1]LotResultPlayAreaParam!$D:$J,4,0) -> 4924 | L5: =VLOOKUP(A5,[1]LotResultPlayAreaParam!$D:$J,2,0) -> 1000 | M5: =VLOOKUP(A5,[1]LotResultPlayAreaParam!$D:$J,5,0) -> 4840 | N5: =VLOOKUP(A5,[1]LotResultPlayAreaParam!$D:$J,3,0) -> 1010 | O5: =VLOOKUP(A5,[1]LotResultPlayAreaParam!$A:$J,9,0) -> -1 | P5: =VLOOKUP(A5,[1]LotResultPlayAreaParam!$A:$J,10,0) -> -1 | R5: =D5 -> 708 | S5: {=IFERROR(VLOOKUP(INDEX(CONSTRUCT!C:C,MATCH(A5*10000+117,CONSTRUCT!F:F,0)),筛选项!D:F,3,0),0)} -> 35 | T5: {=IFERROR(VLOOKUP(INDEX(CONSTRUCT!C:C,MATCH(A5*10000+313,CONSTRUCT!F:F,0)),筛选项!D:F,3,0),0)} -> 23 | U5: =10000000*R5+1000*S5+T5 -> 7080035023 | V5: =B5*100000000000000+C5*10000000000+U5 -> 7080035023 | W5: =COUNTIF(CONSTRUCT!G:G,(A5*10000+410)*10000+116) -> 1
A6: 4 | B6: =VLOOKUP(A6,[1]LotResultMapPatternFlag!D:I,6,0) -> 0 | C6: =VLOOKUP(A6,[1]LotResultMapPatternFlag!D:J,7,0) -> 0 | D6: {=INDEX([1]LotResultMapPatternFlag!F:F,MATCH(A6*10000+190,[1]LotResultMapPatternFlag!K:K,0))} -> 704 | E6: {=INDEX([1]LotResultMapPatternFlag!G:G,MATCH(A6*10000+800,[1]LotResultMapPatternFlag!K:K,0))} -> 8000 | F6: {=LARGE(IF([1]LotResultMapPatternFlag!D:D=A6,1,0)*[1]LotResultMapPatternFlag!L:L,1)} -> 3030 | G6: {=IF(F6=0,0,INDEX([1]LotResultMapPatternFlag!G:G,MATCH(A6*10000+F6,[1]LotResultMapPatternFlag!K:K,0)))} -> 7724 | H6: {=LARGE(IF([1]LotResultMapPatternFlag!D:D=A6,1,0)*[1]LotResultMapPatternFlag!M:M,1)} -> 3600 | I6: {=IF(H6=0,0,INDEX([1]LotResultMapPatternFlag!F:F,MATCH(A6*10000+H6,[1]LotResultMapPatternFlag!K:K,0)))+IF(H6=0,0,INDEX([1]LotResultMapPatternFlag!G:G,MATCH(A6*10000+H6,[1]LotResultMapPatternFlag!K:K,0)))} -> 1150 | J6: {=IF(C6=3,INDEX([1]LotResultMapPatternFlag!G:G,MATCH(A6*10000+500,[1]LotResultMapPatternFlag!K:K,0)),0)} -> 0 | K6: =VLOOKUP(A6,[1]LotResultPlayAreaParam!$D:$J,4,0) -> 4929 | L6: =VLOOKUP(A6,[1]LotResultPlayAreaParam!$D:$J,2,0) -> 1008 | M6: =VLOOKUP(A6,[1]LotResultPlayAreaParam!$D:$J,5,0) -> 4860 | N6: =VLOOKUP(A6,[1]LotResultPlayAreaParam!$D:$J,3,0) -> 1003 | O6: =VLOOKUP(A6,[1]LotResultPlayAreaParam!$A:$J,9,0) -> -1 | P6: =VLOOKUP(A6,[1]LotResultPlayAreaParam!$A:$J,10,0) -> -1 | R6: =D6 -> 704 | S6: {=IFERROR(VLOOKUP(INDEX(CONSTRUCT!C:C,MATCH(A6*10000+117,CONSTRUCT!F:F,0)),筛选项!D:F,3,0),0)} -> 32 | T6: {=IFERROR(VLOOKUP(INDEX(CONSTRUCT!C:C,MATCH(A6*10000+313,CONSTRUCT!F:F,0)),筛选项!D:F,3,0),0)} -> 21 | U6: =10000000*R6+1000*S6+T6 -> 7040032021 | V6: =B6*100000000000000+C6*10000000000+U6 -> 7040032021 | W6: =COUNTIF(CONSTRUCT!G:G,(A6*10000+410)*10000+116) -> 0
A7: 5 | B7: =VLOOKUP(A7,[1]LotResultMapPatternFlag!D:I,6,0) -> 0 | C7: =VLOOKUP(A7,[1]LotResultMapPatternFlag!D:J,7,0) -> 0 | D7: {=INDEX([1]LotResultMapPatternFlag!F:F,MATCH(A7*10000+190,[1]LotResultMapPatternFlag!K:K,0))} -> 705 | E7: {=INDEX([1]LotResultMapPatternFlag!G:G,MATCH(A7*10000+800,[1]LotResultMapPatternFlag!K:K,0))} -> 8005 | F7: {=LARGE(IF([1]LotResultMapPatternFlag!D:D=A7,1,0)*[1]LotResultMapPatternFlag!L:L,1)} -> 3030 | G7: {=IF(F7=0,0,INDEX([1]LotResultMapPatternFlag!G:G,MATCH(A7*10000+F7,[1]LotResultMapPatternFlag!K:K,0)))} -> 7704 | H7: {=LARGE(IF([1]LotResultMapPatternFlag!D:D=A7,1,0)*[1]LotResultMapPatternFlag!M:M,1)} -> 3600 | I7: {=IF(H7=0,0,INDEX([1]LotResultMapPatternFlag!F:F,MATCH(A7*10000+H7,[1]LotResultMapPatternFlag!K:K,0)))+IF(H7=0,0,INDEX([1]LotResultMapPatternFlag!G:G,MATCH(A7*10000+H7,[1]LotResultMapPatternFlag!K:K,0)))} -> 1150 | J7: {=IF(C7=3,INDEX([1]LotResultMapPatternFlag!G:G,MATCH(A7*10000+500,[1]LotResultMapPatternFlag!K:K,0)),0)} -> 0 | K7: =VLOOKUP(A7,[1]LotResultPlayAreaParam!$D:$J,4,0) -> 4929 | L7: =VLOOKUP(A7,[1]LotResultPlayAreaParam!$D:$J,2,0) -> 1011 | M7: =VLOOKUP(A7,[1]LotResultPlayAreaParam!$D:$J,5,0) -> 4840 | N7: =VLOOKUP(A7,[1]LotResultPlayAreaParam!$D:$J,3,0) -> 1006 | O7: =VLOOKUP(A7,[1]LotResultPlayAreaParam!$A:$J,9,0) -> -1 | P7: =VLOOKUP(A7,[1]LotResultPlayAreaParam!$A:$J,10,0) -> -1 | R7: =D7 -> 705 | S7: {=IFERROR(VLOOKUP(INDEX(CONSTRUCT!C:C,MATCH(A7*10000+117,CONSTRUCT!F:F,0)),筛选项!D:F,3,0),0)} -> 31 | T7: {=IFERROR(VLOOKUP(INDEX(CONSTRUCT!C:C,MATCH(A7*10000+313,CONSTRUCT!F:F,0)),筛选项!D:F,3,0),0)} -> 21 | U7: =10000000*R7+1000*S7+T7 -> 7050031021 | V7: =B7*100000000000000+C7*10000000000+U7 -> 7050031021 | W7: =COUNTIF(CONSTRUCT!G:G,(A7*10000+410)*10000+116) -> 0
A8: 6 | B8: =VLOOKUP(A8,[1]LotResultMapPatternFlag!D:I,6,0) -> 0 | C8: =VLOOKUP(A8,[1]LotResultMapPatternFlag!D:J,7,0) -> 0 | D8: {=INDEX([1]LotResultMapPatternFlag!F:F,MATCH(A8*10000+190,[1]LotResultMapPatternFlag!K:K,0))} -> 703 | E8: {=INDEX([1]LotResultMapPatternFlag!G:G,MATCH(A8*10000+800,[1]LotResultMapPatternFlag!K:K,0))} -> 8010 | F8: {=LARGE(IF([1]LotResultMapPatternFlag!D:D=A8,1,0)*[1]LotResultMapPatternFlag!L:L,1)} -> 0 | G8: {=IF(F8=0,0,INDEX([1]LotResultMapPatternFlag!G:G,MATCH(A8*10000+F8,[1]LotResultMapPatternFlag!K:K,0)))} -> 0 | H8: {=LARGE(IF([1]LotResultMapPatternFlag!D:D=A8,1,0)*[1]LotResultMapPatternFlag!M:M,1)} -> 0 | I8: {=IF(H8=0,0,INDEX([1]LotResultMapPatternFlag!F:F,MATCH(A8*10000+H8,[1]LotResultMapPatternFlag!K:K,0)))+IF(H8=0,0,INDEX([1]LotResultMapPatternFlag!G:G,MATCH(A8*10000+H8,[1]LotResultMapPatternFlag!K:K,0)))} -> 0 | J8: {=IF(C8=3,INDEX([1]LotResultMapPatternFlag!G:G,MATCH(A8*10000+500,[1]LotResultMapPatternFlag!K:K,0)),0)} -> 0 | K8: =VLOOKUP(A8,[1]LotResultPlayAreaParam!$D:$J,4,0) -> 4929 | L8: =VLOOKUP(A8,[1]LotResultPlayAreaParam!$D:$J,2,0) -> 1007 | M8: =VLOOKUP(A8,[1]LotResultPlayAreaParam!$D:$J,5,0) -> 4840 | N8: =VLOOKUP(A8,[1]LotResultPlayAreaParam!$D:$J,3,0) -> 1002 | O8: =VLOOKUP(A8,[1]LotResultPlayAreaParam!$A:$J,9,0) -> -1 | P8: =VLOOKUP(A8,[1]LotResultPlayAreaParam!$A:$J,10,0) -> -1 | R8: =D8 -> 703 | S8: {=IFERROR(VLOOKUP(INDEX(CONSTRUCT!C:C,MATCH(A8*10000+117,CONSTRUCT!F:F,0)),筛选项!D:F,3,0),0)} -> 24 | T8: {=IFERROR(VLOOKUP(INDEX(CONSTRUCT!C:C,MATCH(A8*10000+313,CONSTRUCT!F:F,0)),筛选项!D:F,3,0),0)} -> 11 | U8: =10000000*R8+1000*S8+T8 -> 7030024011 | V8: =B8*100000000000000+C8*10000000000+U8 -> 7030024011 | W8: =COUNTIF(CONSTRUCT!G:G,(A8*10000+410)*10000+116) -> 1
A9: 7 | B9: =VLOOKUP(A9,[1]LotResultMapPatternFlag!D:I,6,0) -> 0 | C9: =VLOOKUP(A9,[1]LotResultMapPatternFlag!D:J,7,0) -> 0 | D9: {=INDEX([1]LotResultMapPatternFlag!F:F,MATCH(A9*10000+190,[1]LotResultMapPatternFlag!K:K,0))} -> 707 | E9: {=INDEX([1]LotResultMapPatternFlag!G:G,MATCH(A9*10000+800,[1]LotResultMapPatternFlag!K:K,0))} -> 8009 | F9: {=LARGE(IF([1]LotResultMapPatternFlag!D:D=A9,1,0)*[1]LotResultMapPatternFlag!L:L,1)} -> 0 | G9: {=IF(F9=0,0,INDEX([1]LotResultMapPatternFlag!G:G,MATCH(A9*10000+F9,[1]LotResultMapPatternFlag!K:K,0)))} -> 0 | H9: {=LARGE(IF([1]LotResultMapPatternFlag!D:D=A9,1,0)*[1]LotResultMapPatternFlag!M:M,1)} -> 0 | I9: {=IF(H9=0,0,INDEX([1]LotResultMapPatternFlag!F:F,MATCH(A9*10000+H9,[1]LotResultMapPatternFlag!K:K,0)))+IF(H9=0,0,INDEX([1]LotResultMapPatternFlag!G:G,MATCH(A9*10000+H9,[1]LotResultMapPatternFlag!K:K,0)))} -> 0 | J9: {=IF(C9=3,INDEX([1]LotResultMapPatternFlag!G:G,MATCH(A9*10000+500,[1]LotResultMapPatternFlag!K:K,0)),0)} -> 0 | K9: =VLOOKUP(A9,[1]LotResultPlayAreaParam!$D:$J,4,0) -> 4924 | L9: =VLOOKUP(A9,[1]LotResultPlayAreaParam!$D:$J,2,0) -> 1010 | M9: =VLOOKUP(A9,[1]LotResultPlayAreaParam!$D:$J,5,0) -> 4840 | N9: =VLOOKUP(A9,[1]LotResultPlayAreaParam!$D:$J,3,0) -> 1004 | O9: =VLOOKUP(A9,[1]LotResultPlayAreaParam!$A:$J,9,0) -> -1 | P9: =VLOOKUP(A9,[1]LotResultPlayAreaParam!$A:$J,10,0) -> -1 | R9: =D9 -> 707 | S9: {=IFERROR(VLOOKUP(INDEX(CONSTRUCT!C:C,MATCH(A9*10000+117,CONSTRUCT!F:F,0)),筛选项!D:F,3,0),0)} -> 51 | T9: {=IFERROR(VLOOKUP(INDEX(CONSTRUCT!C:C,MATCH(A9*10000+313,CONSTRUCT!F:F,0)),筛选项!D:F,3,0),0)} -> 52 | U9: =10000000*R9+1000*S9+T9 -> 7070051052 | V9: =B9*100000000000000+C9*10000000000+U9 -> 7070051052 | W9: =COUNTIF(CONSTRUCT!G:G,(A9*10000+410)*10000+116) -> 1
A10: 8 | B10: =VLOOKUP(A10,[1]LotResultMapPatternFlag!D:I,6,0) -> 0 | C10: =VLOOKUP(A10,[1]LotResultMapPatternFlag!D:J,7,0) -> 0 | D10: {=INDEX([1]LotResultMapPatternFlag!F:F,MATCH(A10*10000+190,[1]LotResultMapPatternFlag!K:K,0))} -> 700 | E10: {=INDEX([1]LotResultMapPatternFlag!G:G,MATCH(A10*10000+800,[1]LotResultMapPatternFlag!K:K,0))} -> 8008 | F10: {=LARGE(IF([1]LotResultMapPatternFlag!D:D=A10,1,0)*[1]LotResultMapPatternFlag!L:L,1)} -> 3030 | G10: {=IF(F10=0,0,INDEX([1]LotResultMapPatternFlag!G:G,MATCH(A10*10000+F10,[1]LotResultMapPatternFlag!K:K,0)))} -> 7724 | H10: {=LARGE(IF([1]LotResultMapPatternFlag!D:D=A10,1,0)*[1]LotResultMapPatternFlag!M:M,1)} -> 3600 | I10: {=IF(H10=0,0,INDEX([1]LotResultMapPatternFlag!F:F,MATCH(A10*10000+H10,[1]LotResultMapPatternFlag!K:K,0)))+IF(H10=0,0,INDEX([1]LotResultMapPatternFlag!G:G,MATCH(A10*10000+H10,[1]LotResultMapPatternFlag!K:K,0)))} -> 1150 | J10: {=IF(C10=3,INDEX([1]LotResultMapPatternFlag!G:G,MATCH(A10*10000+500,[1]LotResultMapPatternFlag!K:K,0)),0)} -> 0 | K10: =VLOOKUP(A10,[1]LotResultPlayAreaParam!$D:$J,4,0) -> 4924 | L10: =VLOOKUP(A10,[1]LotResultPlayAreaParam!$D:$J,2,0) -> 1009 | M10: =VLOOKUP(A10,[1]LotResultPlayAreaParam!$D:$J,5,0) -> 4840 | N10: =VLOOKUP(A10,[1]LotResultPlayAreaParam!$D:$J,3,0) -> 1006 | O10: =VLOOKUP(A10,[1]LotResultPlayAreaParam!$A:$J,9,0) -> -1 | P10: =VLOOKUP(A10,[1]LotResultPlayAreaParam!$A:$J,10,0) -> -1 | R10: =D10 -> 700 | S10: {=IFERROR(VLOOKUP(INDEX(CONSTRUCT!C:C,MATCH(A10*10000+117,CONSTRUCT!F:F,0)),筛选项!D:F,3,0),0)} -> 22 | T10: {=IFERROR(VLOOKUP(INDEX(CONSTRUCT!C:C,MATCH(A10*10000+313,CONSTRUCT!F:F,0)),筛选项!D:F,3,0),0)} -> 11 | U10: =10000000*R10+1000*S10+T10 -> 7000022011 | V10: =B10*100000000000000+C10*10000000000+U10 -> 7000022011 | W10: =COUNTIF(CONSTRUCT!G:G,(A10*10000+410)*10000+116) -> 0
A11: 9 | B11: =VLOOKUP(A11,[1]LotResultMapPatternFlag!D:I,6,0) -> 0 | C11: =VLOOKUP(A11,[1]LotResultMapPatternFlag!D:J,7,0) -> 0 | D11: {=INDEX([1]LotResultMapPatternFlag!F:F,MATCH(A11*10000+190,[1]LotResultMapPatternFlag!K:K,0))} -> 705 | E11: {=INDEX([1]LotResultMapPatternFlag!G:G,MATCH(A11*10000+800,[1]LotResultMapPatternFlag!K:K,0))} -> 8009 | F11: {=LARGE(IF([1]LotResultMapPatternFlag!D:D=A11,1,0)*[1]LotResultMapPatternFlag!L:L,1)} -> 0 | G11: {=IF(F11=0,0,INDEX([1]LotResultMapPatternFlag!G:G,MATCH(A11*10000+F11,[1]LotResultMapPatternFlag!K:K,0)))} -> 0 | H11: {=LARGE(IF([1]LotResultMapPatternFlag!D:D=A11,1,0)*[1]LotResultMapPatternFlag!M:M,1)} -> 0 | I11: {=IF(H11=0,0,INDEX([1]LotResultMapPatternFlag!F:F,MATCH(A11*10000+H11,[1]LotResultMapPatternFlag!K:K,0)))+IF(H11=0,0,INDEX([1]LotResultMapPatternFlag!G:G,MATCH(A11*10000+H11,[1]LotResultMapPatternFlag!K:K,0)))} -> 0 | J11: {=IF(C11=3,INDEX([1]LotResultMapPatternFlag!G:G,MATCH(A11*10000+500,[1]LotResultMapPatternFlag!K:K,0)),0)} -> 0 | K11: =VLOOKUP(A11,[1]LotResultPlayAreaParam!$D:$J,4,0) -> 4924 | L11: =VLOOKUP(A11,[1]LotResultPlayAreaParam!$D:$J,2,0) -> 1011 | M11: =VLOOKUP(A11,[1]LotResultPlayAreaParam!$D:$J,5,0) -> 4840 | N11: =VLOOKUP(A11,[1]LotResultPlayAreaParam!$D:$J,3,0) -> 1001 | O11: =VLOOKUP(A11,[1]LotResultPlayAreaParam!$A:$J,9,0) -> -1 | P11: =VLOOKUP(A11,[1]LotResultPlayAreaParam!$A:$J,10,0) -> -1 | R11: =D11 -> 705 | S11: {=IFERROR(VLOOKUP(INDEX(CONSTRUCT!C:C,MATCH(A11*10000+117,CONSTRUCT!F:F,0)),筛选项!D:F,3,0),0)} -> 52 | T11: {=IFERROR(VLOOKUP(INDEX(CONSTRUCT!C:C,MATCH(A11*10000+313,CONSTRUCT!F:F,0)),筛选项!D:F,3,0),0)} -> 24 | U11: =10000000*R11+1000*S11+T11 -> 7050052024 | V11: =B11*100000000000000+C11*10000000000+U11 -> 7050052024 | W11: =COUNTIF(CONSTRUCT!G:G,(A11*10000+410)*10000+116) -> 0
A12: 10 | B12: =VLOOKUP(A12,[1]LotResultMapPatternFlag!D:I,6,0) -> 0 | C12: =VLOOKUP(A12,[1]LotResultMapPatternFlag!D:J,7,0) -> 0 | D12: {=INDEX([1]LotResultMapPatternFlag!F:F,MATCH(A12*10000+190,[1]LotResultMapPatternFlag!K:K,0))} -> 700 | E12: {=INDEX([1]LotResultMapPatternFlag!G:G,MATCH(A12*10000+800,[1]LotResultMapPatternFlag!K:K,0))} -> 8003 | F12: {=LARGE(IF([1]LotResultMapPatternFlag!D:D=A12,1,0)*[1]LotResultMapPatternFlag!L:L,1)} -> 3030 | G12: {=IF(F12=0,0,INDEX([1]LotResultMapPatternFlag!G:G,MATCH(A12*10000+F12,[1]LotResultMapPatternFlag!K:K,0)))} -> 7724 | H12: {=LARGE(IF([1]LotResultMapPatternFlag!D:D=A12,1,0)*[1]LotResultMapPatternFlag!M:M,1)} -> 3600 | I12: {=IF(H12=0,0,INDEX([1]LotResultMapPatternFlag!F:F,MATCH(A12*10000+H12,[1]LotResultMapPatternFlag!K:K,0)))+IF(H12=0,0,INDEX([1]LotResultMapPatternFlag!G:G,MATCH(A12*10000+H12,[1]LotResultMapPatternFlag!K:K,0)))} -> 1150 | J12: {=IF(C12=3,INDEX([1]LotResultMapPatternFlag!G:G,MATCH(A12*10000+500,[1]LotResultMapPatternFlag!K:K,0)),0)} -> 0 | K12: =VLOOKUP(A12,[1]LotResultPlayAreaParam!$D:$J,4,0) -> 4924 | L12: =VLOOKUP(A12,[1]LotResultPlayAreaParam!$D:$J,2,0) -> 1002 | M12: =VLOOKUP(A12,[1]LotResultPlayAreaParam!$D:$J,5,0) -> 4840 | N12: =VLOOKUP(A12,[1]LotResultPlayAreaParam!$D:$J,3,0) -> 1007 | O12: =VLOOKUP(A12,[1]LotResultPlayAreaParam!$A:$J,9,0) -> -1 | P12: =VLOOKUP(A12,[1]LotResultPlayAreaParam!$A:$J,10,0) -> -1 | R12: =D12 -> 700 | S12: {=IFERROR(VLOOKUP(INDEX(CONSTRUCT!C:C,MATCH(A12*10000+117,CONSTRUCT!F:F,0)),筛选项!D:F,3,0),0)} -> 11 | T12: {=IFERROR(VLOOKUP(INDEX(CONSTRUCT!C:C,MATCH(A12*10000+313,CONSTRUCT!F:F,0)),筛选项!D:F,3,0),0)} -> 21 | U12: =10000000*R12+1000*S12+T12 -> 7000011021 | V12: =B12*100000000000000+C12*10000000000+U12 -> 7000011021 | W12: =COUNTIF(CONSTRUCT!G:G,(A12*10000+410)*10000+116) -> 1
A13: 11 | B13: =VLOOKUP(A13,[1]LotResultMapPatternFlag!D:I,6,0) -> 0 | C13: =VLOOKUP(A13,[1]LotResultMapPatternFlag!D:J,7,0) -> 0 | D13: {=INDEX([1]LotResultMapPatternFlag!F:F,MATCH(A13*10000+190,[1]LotResultMapPatternFlag!K:K,0))} -> 707 | E13: {=INDEX([1]LotResultMapPatternFlag!G:G,MATCH(A13*10000+800,[1]LotResultMapPatternFlag!K:K,0))} -> 8009 | F13: {=LARGE(IF([1]LotResultMapPatternFlag!D:D=A13,1,0)*[1]LotResultMapPatternFlag!L:L,1)} -> 3010 | G13: {=IF(F13=0,0,INDEX([1]LotResultMapPatternFlag!G:G,MATCH(A13*10000+F13,[1]LotResultMapPatternFlag!K:K,0)))} -> 7721 | H13: {=LARGE(IF([1]LotResultMapPatternFlag!D:D=A13,1,0)*[1]LotResultMapPatternFlag!M:M,1)} -> 0 | I13: {=IF(H13=0,0,INDEX([1]LotResultMapPatternFlag!F:F,MATCH(A13*10000+H13,[1]LotResultMapPatternFlag!K:K,0)))+IF(H13=0,0,INDEX([1]LotResultMapPatternFlag!G:G,MATCH(A13*10000+H13,[1]LotResultMapPatternFlag!K:K,0)))} -> 0 | J13: {=IF(C13=3,INDEX([1]LotResultMapPatternFlag!G:G,MATCH(A13*10000+500,[1]LotResultMapPatternFlag!K:K,0)),0)} -> 0 | K13: =VLOOKUP(A13,[1]LotResultPlayAreaParam!$D:$J,4,0) -> 4929 | L13: =VLOOKUP(A13,[1]LotResultPlayAreaParam!$D:$J,2,0) -> 1011 | M13: =VLOOKUP(A13,[1]LotResultPlayAreaParam!$D:$J,5,0) -> 4860 | N13: =VLOOKUP(A13,[1]LotResultPlayAreaParam!$D:$J,3,0) -> 1001 | O13: =VLOOKUP(A13,[1]LotResultPlayAreaParam!$A:$J,9,0) -> -1 | P13: =VLOOKUP(A13,[1]LotResultPlayAreaParam!$A:$J,10,0) -> -1 | R13: =D13 -> 707 | S13: {=IFERROR(VLOOKUP(INDEX(CONSTRUCT!C:C,MATCH(A13*10000+117,CONSTRUCT!F:F,0)),筛选项!D:F,3,0),0)} -> 22 | T13: {=IFERROR(VLOOKUP(INDEX(CONSTRUCT!C:C,MATCH(A13*10000+313,CONSTRUCT!F:F,0)),筛选项!D:F,3,0),0)} -> 21 | U13: =10000000*R13+1000*S13+T13 -> 7070022021 | V13: =B13*100000000000000+C13*10000000000+U13 -> 7070022021 | W13: =COUNTIF(CONSTRUCT!G:G,(A13*10000+410)*10000+116) -> 1
... A321: 319 | B321: =VLOOKUP(A321,[1]LotResultMapPatternFlag!D:I,6,0) -> 7 | C321: =VLOOKUP(A321,[1]LotResultMapPatternFlag!D:J,7,0) -> 5 | D321: {=INDEX([1]LotResultMapPatternFlag!F:F,MATCH(A321*10000+190,[1]LotResultMapPatternFlag!K:K,0))} -> 708 | E321: {=INDEX([1]LotResultMapPatternFlag!G:G,MATCH(A321*10000+800,[1]LotResultMapPatternFlag!K:K,0))} -> 8001 | F321: {=LARGE(IF([1]LotResultMapPatternFlag!D:D=A321,1,0)*[1]LotResultMapPatternFlag!L:L,1)} -> 3070 | G321: {=IF(F321=0,0,INDEX([1]LotResultMapPatternFlag!G:G,MATCH(A321*10000+F321,[1]LotResultMapPatternFlag!K:K,0)))} -> 7725 | H321: {=LARGE(IF([1]LotResultMapPatternFlag!D:D=A321,1,0)*[1]LotResultMapPatternFlag!M:M,1)} -> 3100 | I321: {=IF(H321=0,0,INDEX([1]LotResultMapPatternFlag!F:F,MATCH(A321*10000+H321,[1]LotResultMapPatternFlag!K:K,0)))+IF(H321=0,0,INDEX([1]LotResultMapPatternFlag!G:G,MATCH(A321*10000+H321,[1]LotResultMapPatternFlag!K:K,0)))} -> 220 | J321: {=IF(C321=3,INDEX([1]LotResultMapPatternFlag!G:G,MATCH(A321*10000+500,[1]LotResultMapPatternFlag!K:K,0)),0)} -> 0 | K321: =VLOOKUP(A321,[1]LotResultPlayAreaParam!$D:$J,4,0) -> 4910 | L321: =VLOOKUP(A321,[1]LotResultPlayAreaParam!$D:$J,2,0) -> 1001 | M321: =VLOOKUP(A321,[1]LotResultPlayAreaParam!$D:$J,5,0) -> 4820 | N321: =VLOOKUP(A321,[1]LotResultPlayAreaParam!$D:$J,3,0) -> 1025 | O321: =VLOOKUP(A321,[1]LotResultPlayAreaParam!$A:$J,9,0) -> -1 | P321: =VLOOKUP(A321,[1]LotResultPlayAreaParam!$A:$J,10,0) -> -1 | R321: =D321 -> 708 | S321: {=IFERROR(VLOOKUP(INDEX(CONSTRUCT!C:C,MATCH(A321*10000+117,CONSTRUCT!F:F,0)),筛选项!D:F,3,0),0)} -> 53 | T321: {=IFERROR(VLOOKUP(INDEX(CONSTRUCT!C:C,MATCH(A321*10000+313,CONSTRUCT!F:F,0)),筛选项!D:F,3,0),0)} -> 11 | U321: =10000000*R321+1000*S321+T321 -> 7080053011 | V321: =B321*100000000000000+C321*10000000000+U321 -> 700057080053011 | W321: =COUNTIF(CONSTRUCT!G:G,(A321*10000+410)*10000+116) -> 1

Sheet CONSTRUCT
A1: ID | B1: MAP | C1: Struct | D1: is_display
A2: 0 | B2: 0 | C2: 38100 | D2: 1 | E2: 126 | F2: =(B2*10000+E2)*D2 -> 126 | G2: =(B2*10000+FLOOR(C2/100,1))*10000+E2 -> 3810126 | H2: 1 | I2: =IF(C2=30300,IF(E2=117,1,IF(E2=313,1,0)),0) -> 0
A3: 1 | B3: 0 | C3: 30301 | D3: 1 | E3: 110 | F3: =(B3*10000+E3)*D3 -> 110 | G3: =(B3*10000+FLOOR(C3/100,1))*10000+E3 -> 3030110 | H3: 2 | I3: =IF(C3=30300,IF(E3=117,1,IF(E3=313,1,0)),0) -> 0
A4: 2 | B4: 0 | C4: 30300 | D4: 1 | E4: 103 | F4: =(B4*10000+E4)*D4 -> 103 | G4: =(B4*10000+FLOOR(C4/100,1))*10000+E4 -> 3030103 | H4: 3 | I4: =IF(C4=30300,IF(E4=117,1,IF(E4=313,1,0)),0) -> 0
A5: 3 | B5: 0 | C5: 38101 | D5: 1 | E5: 107 | F5: =(B5*10000+E5)*D5 -> 107 | G5: =(B5*10000+FLOOR(C5/100,1))*10000+E5 -> 3810107 | H5: 4 | I5: =IF(C5=30300,IF(E5=117,1,IF(E5=313,1,0)),0) -> 0
A6: 4 | B6: 0 | C6: 32102 | D6: 1 | E6: 112 | F6: =(B6*10000+E6)*D6 -> 112 | G6: =(B6*10000+FLOOR(C6/100,1))*10000+E6 -> 3210112 | H6: 5 | I6: =IF(C6=30300,IF(E6=117,1,IF(E6=313,1,0)),0) -> 0
A7: 5 | B7: 0 | C7: 32201 | D7: 1 | E7: 120 | F7: =(B7*10000+E7)*D7 -> 120 | G7: =(B7*10000+FLOOR(C7/100,1))*10000+E7 -> 3220120 | H7: 6 | I7: =IF(C7=30300,IF(E7=117,1,IF(E7=313,1,0)),0) -> 0
A8: 6 | B8: 0 | C8: 32101 | D8: 1 | E8: 313 | F8: =(B8*10000+E8)*D8 -> 313 | G8: =(B8*10000+FLOOR(C8/100,1))*10000+E8 -> 3210313 | H8: 7 | I8: =IF(C8=30300,IF(E8=117,1,IF(E8=313,1,0)),0) -> 0
A9: 7 | B9: 0 | C9: 34101 | D9: 1 | E9: 101 | F9: =(B9*10000+E9)*D9 -> 101 | G9: =(B9*10000+FLOOR(C9/100,1))*10000+E9 -> 3410101 | H9: 8 | I9: =IF(C9=30300,IF(E9=117,1,IF(E9=313,1,0)),0) -> 0
A10: 8 | B10: 0 | C10: 34300 | D10: 1 | E10: 111 | F10: =(B10*10000+E10)*D10 -> 111 | G10: =(B10*10000+FLOOR(C10/100,1))*10000+E10 -> 3430111 | H10: 9 | I10: =IF(C10=30300,IF(E10=117,1,IF(E10=313,1,0)),0) -> 0
A11: 9 | B11: 0 | C11: 34103 | D11: 1 | E11: 106 | F11: =(B11*10000+E11)*D11 -> 106 | G11: =(B11*10000+FLOOR(C11/100,1))*10000+E11 -> 3410106 | H11: 10 | I11: =IF(C11=30300,IF(E11=117,1,IF(E11=313,1,0)),0) -> 0
A12: 10 | B12: 0 | C12: 34101 | D12: 1 | E12: 104 | F12: =(B12*10000+E12)*D12 -> 104 | G12: =(B12*10000+FLOOR(C12/100,1))*10000+E12 -> 3410104 | H12: 11 | I12: =IF(C12=30300,IF(E12=117,1,IF(E12=313,1,0)),0) -> 0
A13: 11 | B13: 0 | C13: 43410 | D13: 0 | E13: 358 | F13: =(B13*10000+E13)*D13 -> 0 | G13: =(B13*10000+FLOOR(C13/100,1))*10000+E13 -> 4340358 | H13: 12 | I13: =IF(C13=30300,IF(E13=117,1,IF(E13=313,1,0)),0) -> 0
... A14719: 14717 | B14719: 319 | C14719: 43001 | D14719: 0 | E14719: 307 | F14719: =(B14719*10000+E14719)*D14719 -> 0 | G14719: =(B14719*10000+FLOOR(C14719/100,1))*10000+E14719 -> 31904300307 | H14719: 14718 | I14719: =IF(C14719=30300,IF(E14719=117,1,IF(E14719=313,1,0)),0) -> 0

Sheet 筛选项
A1: 117 | D1: 30000 | E1: 骑士要塞 | F1: 11
A2: 313 | D2: 30001 | E2: 铁处女要塞 | F2: 11
D3: 30300 | E3: 魔像城堡 | F3: 11
D4: 30301 | E4: 结晶人城堡 | F4: 12
D6: 32000 | E6: 失乡营地 | F6: 21
D7: 32001 | E7: 老狮子营地 | F7: 21
D8: 32200 | E8: 战车营地 | F8: 22
D9: 32201 | E9: 癫火营地 | F9: 23
D10: 32100 | E10: 混种营地 | F10: 21
D11: 32101 | E11: 红狮子营地 | F11: 22
D12: 32102 | E12: 骑士营地 | F12: 24
D14: 34000 | E14: 看门犬遗迹 | F14: 31
D15: 34001 | E15: 鲜血遗迹 | F15: 32
D16: 34002 | E16: 萨米尔遗迹 | F16: 33
... D31: 38101 | E31: 灵庙教堂 | F31: 52

Sheet 筛选
A1: map id | B1: nightlord | C1: area | D1: loc117 | E1: loc313 | F1: ifchurch
A2: =MAP_PATTERN!A2 -> 0 | B2: =MAP_PATTERN!B2 -> 0 | C2: =MAP_PATTERN!C2 -> 0 | D2: =MAP_PATTERN!S2 -> 52 | E2: =MAP_PATTERN!T2 -> 22 | F2: =MAP_PATTERN!W2 -> 1
A3: =MAP_PATTERN!A3 -> 1 | B3: =MAP_PATTERN!B3 -> 0 | C3: =MAP_PATTERN!C3 -> 0 | D3: =MAP_PATTERN!S3 -> 22 | E3: =MAP_PATTERN!T3 -> 33 | F3: =MAP_PATTERN!W3 -> 0
A4: =MAP_PATTERN!A4 -> 2 | B4: =MAP_PATTERN!B4 -> 0 | C4: =MAP_PATTERN!C4 -> 0 | D4: =MAP_PATTERN!S4 -> 11 | E4: =MAP_PATTERN!T4 -> 38 | F4: =MAP_PATTERN!W4 -> 0
A5: =MAP_PATTERN!A5 -> 3 | B5: =MAP_PATTERN!B5 -> 0 | C5: =MAP_PATTERN!C5 -> 0 | D5: =MAP_PATTERN!S5 -> 35 | E5: =MAP_PATTERN!T5 -> 23 | F5: =MAP_PATTERN!W5 -> 1
A6: =MAP_PATTERN!A6 -> 4 | B6: =MAP_PATTERN!B6 -> 0 | C6: =MAP_PATTERN!C6 -> 0 | D6: =MAP_PATTERN!S6 -> 32 | E6: =MAP_PATTERN!T6 -> 21 | F6: =MAP_PATTERN!W6 -> 0
A7: =MAP_PATTERN!A7 -> 5 | B7: =MAP_PATTERN!B7 -> 0 | C7: =MAP_PATTERN!C7 -> 0 | D7: =MAP_PATTERN!S7 -> 31 | E7: =MAP_PATTERN!T7 -> 21 | F7: =MAP_PATTERN!W7 -> 0
A8: =MAP_PATTERN!A8 -> 6 | B8: =MAP_PATTERN!B8 -> 0 | C8: =MAP_PATTERN!C8 -> 0 | D8: =MAP_PATTERN!S8 -> 24 | E8: =MAP_PATTERN!T8 -> 11 | F8: =MAP_PATTERN!W8 -> 1
A9: =MAP_PATTERN!A9 -> 7 | B9: =MAP_PATTERN!B9 -> 0 | C9: =MAP_PATTERN!C9 -> 0 | D9: =MAP_PATTERN!S9 -> 51 | E9: =MAP_PATTERN!T9 -> 52 | F9: =MAP_PATTERN!W9 -> 1
A10: =MAP_PATTERN!A10 -> 8 | B10: =MAP_PATTERN!B10 -> 0 | C10: =MAP_PATTERN!C10 -> 0 | D10: =MAP_PATTERN!S10 -> 22 | E10: =MAP_PATTERN!T10 -> 11 | F10: =MAP_PATTERN!W10 -> 0
A11: =MAP_PATTERN!A11 -> 9 | B11: =MAP_PATTERN!B11 -> 0 | C11: =MAP_PATTERN!C11 -> 0 | D11: =MAP_PATTERN!S11 -> 52 | E11: =MAP_PATTERN!T11 -> 24 | F11: =MAP_PATTERN!W11 -> 0
A12: =MAP_PATTERN!A12 -> 10 | B12: =MAP_PATTERN!B12 -> 0 | C12: =MAP_PATTERN!C12 -> 0 | D12: =MAP_PATTERN!S12 -> 11 | E12: =MAP_PATTERN!T12 -> 21 | F12: =MAP_PATTERN!W12 -> 1
A13: =MAP_PATTERN!A13 -> 11 | B13: =MAP_PATTERN!B13 -> 0 | C13: =MAP_PATTERN!C13 -> 0 | D13: =MAP_PATTERN!S13 -> 22 | E13: =MAP_PATTERN!T13 -> 21 | F13: =MAP_PATTERN!W13 -> 1
... A321: =MAP_PATTERN!A321 -> 319 | B321: =MAP_PATTERN!B321 -> 7 | C321: =MAP_PATTERN!C321 -> 5 | D321: =MAP_PATTERN!S321 -> 53 | E321: =MAP_PATTERN!T321 -> 11 | F321: =MAP_PATTERN!W321 -> 1
